{
  "asof": "2026-02-06",
  "start_equity": 999.300389797103,
  "end_equity": 30501.772778871335,
  "years": 21.09240246406571,
  "cagr": 0.17594472838529218,
  "volatility": 0.18672112832129623,
  "max_drawdown": -0.47842595605731697
}