{
  "asof": "2026-02-06",
  "assets": [
    "GLD",
    "JNJ",
    "MSFT",
    "NVDA",
    "QQQ",
    "SPY",
    "XLE"
  ],
  "last_close": {
    "GLD": 455.4599914550781,
    "JNJ": 239.9900054931641,
    "MSFT": 401.1400146484375,
    "NVDA": 185.41000366210935,
    "QQQ": 609.6500244140625,
    "SPY": 690.6199951171875,
    "XLE": 53.25
  },
  "last_return": {
    "GLD": 0.0307322947909061,
    "JNJ": 0.0092519124822212,
    "MSFT": 0.0189752863207965,
    "NVDA": 0.0787177006919541,
    "QQQ": 0.021137957050586,
    "SPY": 0.0191847939754963,
    "XLE": 0.0199195735254598
  }
}